,Category,Subcategory,Item,Link_0,Link_1,Link_2,Link_3,Link_4,Price_0,Price_1,Price_2,Price_3,Price_4,Price_{j}
0,01.1 Food,01.1.1 Bread and Cereals,Large white loaves - sliced and unsliced,https://www.tesco.com/groceries/en-GB/products/305946059,https://www.tesco.com/groceries/en-GB/products/255727936,https://www.tesco.com/groceries/en-GB/products/254942354,https://www.tesco.com/groceries/en-GB/products/254942331,https://www.tesco.com/groceries/en-GB/products/258081588,,,,,,1.10
1,01.1 Food,01.1.1 Bread and Cereals,Bread rolls,https://www.tesco.com/groceries/en-GB/products/255810019,https://www.tesco.com/groceries/en-GB/products/250915629,https://www.tesco.com/groceries/en-GB/products/299999490,https://www.tesco.com/groceries/en-GB/products/252193004,https://www.tesco.com/groceries/en-GB/products/305247345,,,,,,1.80
2,01.1 Food,01.1.1 Bread and Cereals,Flour,https://www.tesco.com/groceries/en-GB/products/255076035,https://www.tesco.com/groceries/en-GB/products/254917828,https://www.tesco.com/groceries/en-GB/products/255075791,https://www.tesco.com/groceries/en-GB/products/271657355,https://www.tesco.com/groceries/en-GB/products/256783233,,,,,,2.40
3,01.1 Food,01.1.1 Bread and Cereals,Rice,https://www.tesco.com/groceries/en-GB/products/262311847,https://www.tesco.com/groceries/en-GB/products/262313373,https://www.tesco.com/groceries/en-GB/products/254877356,https://www.tesco.com/groceries/en-GB/products/293247162,https://www.tesco.com/groceries/en-GB/products/254877477,,,,,,1.75
4,01.1 Food,01.1.1 Bread and Cereals,Pasta,https://www.tesco.com/groceries/en-GB/products/258306226,https://www.tesco.com/groceries/en-GB/products/301323859,https://www.tesco.com/groceries/en-GB/products/254878499,https://www.tesco.com/groceries/en-GB/products/254878545,https://www.tesco.com/groceries/en-GB/products/297844111,,,,,,0.41
5,01.1 Food,01.1.1 Bread and Cereals,Breakfast cereals,https://www.tesco.com/groceries/en-GB/products/268146394,https://www.tesco.com/groceries/en-GB/products/303300873,https://www.tesco.com/groceries/en-GB/products/252738421,https://www.tesco.com/groceries/en-GB/products/289347936,https://www.tesco.com/groceries/en-GB/products/255731815,,,,,,3.30
6,01.1 Food,01.1.1 Bread and Cereals,Gluten free breakfast cereals,https://www.tesco.com/groceries/en-GB/products/284256556,https://www.tesco.com/groceries/en-GB/products/285451830,https://www.tesco.com/groceries/en-GB/products/276671214,https://www.tesco.com/groceries/en-GB/products/256289352,https://www.tesco.com/groceries/en-GB/products/253816949,,,,,,2.20
7,01.1 Food,01.1.1 Bread and Cereals,Sponge cakes,https://www.tesco.com/groceries/en-GB/products/255538238,https://www.tesco.com/groceries/en-GB/products/255538198,https://www.tesco.com/groceries/en-GB/products/271004702,https://www.tesco.com/groceries/en-GB/products/312110479,https://www.tesco.com/groceries/en-GB/products/287937944,,,,,,3.75
8,01.1 Food,01.1.1 Bread and Cereals,Pack of individual cakes,https://www.tesco.com/groceries/en-GB/products/312854439,https://www.tesco.com/groceries/en-GB/products/312232507,https://www.tesco.com/groceries/en-GB/products/312229973,https://www.tesco.com/groceries/en-GB/products/312843504,https://www.tesco.com/groceries/en-GB/products/312701206,,,,,,2.50
9,01.1 Food,01.1.1 Bread and Cereals,Various selected biscuits,https://www.tesco.com/groceries/en-GB/products/306817447,https://www.tesco.com/groceries/en-GB/products/306653692,https://www.tesco.com/groceries/en-GB/products/312221699,https://www.tesco.com/groceries/en-GB/products/306495423,https://www.tesco.com/groceries/en-GB/products/312720713,,,,,,
10,01.1 Food,01.1.1 Bread and Cereals,Popcorn,https://www.tesco.com/groceries/en-GB/products/303543090,https://www.tesco.com/groceries/en-GB/products/303543078,https://www.tesco.com/groceries/en-GB/products/280663792,https://www.tesco.com/groceries/en-GB/products/303543055,https://www.tesco.com/groceries/en-GB/products/292945472,,,,,,1.70
11,01.1 Food,01.1.1 Bread and Cereals,Large wholemeal loaf,https://www.tesco.com/groceries/en-GB/products/305946468,https://www.tesco.com/groceries/en-GB/products/309779256,https://www.tesco.com/groceries/en-GB/products/309452769,https://www.tesco.com/groceries/en-GB/products/309449699,https://www.tesco.com/groceries/en-GB/products/309479398,,,,,,1.00
12,01.1 Food,01.1.1 Bread and Cereals,Garlic bread,https://www.tesco.com/groceries/en-GB/products/253803694,https://www.tesco.com/groceries/en-GB/products/299557298,https://www.tesco.com/groceries/en-GB/products/307362677,https://www.tesco.com/groceries/en-GB/products/286265277,https://www.tesco.com/groceries/en-GB/products/311261658,,,,,,2.75
13,01.1 Food,01.1.1 Bread and Cereals,Chilled pizza,https://www.tesco.com/groceries/en-GB/products/261385173,https://www.tesco.com/groceries/en-GB/products/261384030,https://www.tesco.com/groceries/en-GB/products/261385305,https://www.tesco.com/groceries/en-GB/products/291358870,https://www.tesco.com/groceries/en-GB/products/308848810,,,,,,5.50
14,01.1 Food,01.1.1 Bread and Cereals,Quiche,https://www.tesco.com/groceries/en-GB/products/303853009,https://www.tesco.com/groceries/en-GB/products/296492107,https://www.tesco.com/groceries/en-GB/products/308859837,https://www.tesco.com/groceries/en-GB/products/288017367,https://www.tesco.com/groceries/en-GB/products/288017298,,,,,,2.30
15,01.1 Food,01.1.1 Bread and Cereals,Dehydrated noodles/pasta,https://www.tesco.com/groceries/en-GB/products/300916760,https://www.tesco.com/groceries/en-GB/products/256876734,https://www.tesco.com/groceries/en-GB/products/256876792,https://www.tesco.com/groceries/en-GB/products/309176324,https://www.tesco.com/groceries/en-GB/products/297484755,,,,,,1.70
16,01.1 Food,01.1.1 Bread and Cereals,Hot oat cereal,https://www.tesco.com/groceries/en-GB/products/261986222,https://www.tesco.com/groceries/en-GB/products/260360745,https://www.tesco.com/groceries/en-GB/products/312109194,https://www.tesco.com/groceries/en-GB/products/311959191,https://www.tesco.com/groceries/en-GB/products/289349116,,,,,,3.30
17,01.1 Food,01.1.1 Bread and Cereals,Cereal bars,https://www.tesco.com/groceries/en-GB/products/310659363,https://www.tesco.com/groceries/en-GB/products/310133910,https://www.tesco.com/groceries/en-GB/products/252882312,https://www.tesco.com/groceries/en-GB/products/293379247,https://www.tesco.com/groceries/en-GB/products/283419775,,,,,,1.75
18,01.1 Food,01.1.1 Bread and Cereals,Crumpets,https://www.tesco.com/groceries/en-GB/products/274026924,https://www.tesco.com/groceries/en-GB/products/304377935,https://www.tesco.com/groceries/en-GB/products/252846644,https://www.tesco.com/groceries/en-GB/products/308476149,https://www.tesco.com/groceries/en-GB/products/305045169,,,,,,1.15
19,01.1 Food,01.1.1 Bread and Cereals,Crackers,https://www.tesco.com/groceries/en-GB/products/294342370,https://www.tesco.com/groceries/en-GB/products/294342393,https://www.tesco.com/groceries/en-GB/products/257998352,https://www.tesco.com/groceries/en-GB/products/254925012,https://www.tesco.com/groceries/en-GB/products/300112569,,,,,,0.40
20,01.1 Food,01.1.1 Bread and Cereals,Couscous,https://www.tesco.com/groceries/en-GB/products/277006852,https://www.tesco.com/groceries/en-GB/products/305831517,https://www.tesco.com/groceries/en-GB/products/253748557,https://www.tesco.com/groceries/en-GB/products/297974642,https://www.tesco.com/groceries/en-GB/products/256532598,,,,,,0.90
21,01.1 Food,01.1.1 Bread and Cereals,Yorkshire puddings,https://www.tesco.com/groceries/en-GB/products/282266985,https://www.tesco.com/groceries/en-GB/products/266557966,https://www.tesco.com/groceries/en-GB/products/307749762,https://www.tesco.com/groceries/en-GB/products/299539003,https://www.tesco.com/groceries/en-GB/products/299344469,,,,,,2.00
22,01.1 Food,01.1.2 Meat,Rump steak,https://www.tesco.com/groceries/en-GB/products/308483117,https://www.tesco.com/groceries/en-GB/products/308477494,https://www.tesco.com/groceries/en-GB/products/300400483,https://www.tesco.com/groceries/en-GB/products/309486412,,,,,,,4.80
23,01.1 Food,01.1.2 Meat,Mince,https://www.tesco.com/groceries/en-GB/products/308104406,https://www.tesco.com/groceries/en-GB/products/258431866,https://www.tesco.com/groceries/en-GB/products/279704092,https://www.tesco.com/groceries/en-GB/products/297616946,https://www.tesco.com/groceries/en-GB/products/261958659,,,,,,4.25
24,01.1 Food,01.1.2 Meat,Roasting joint,https://www.tesco.com/groceries/en-GB/products/258139435,https://www.tesco.com/groceries/en-GB/products/304411319,https://www.tesco.com/groceries/en-GB/products/254269241,https://www.tesco.com/groceries/en-GB/products/275492600,https://www.tesco.com/groceries/en-GB/products/252505933,,,,,,14.00
25,01.1 Food,01.1.2 Meat,Frozen burgers,https://www.tesco.com/groceries/en-GB/products/251980353,https://www.tesco.com/groceries/en-GB/products/277759162,https://www.tesco.com/groceries/en-GB/products/293709048,https://www.tesco.com/groceries/en-GB/products/254750569,https://www.tesco.com/groceries/en-GB/products/293709025,,,,,,3.50
26,01.1 Food,01.1.2 Meat,Loin chops lamb,https://www.tesco.com/groceries/en-GB/products/308110479,,,,,,,,,,6.80
27,01.1 Food,01.1.2 Meat,Shoulder,https://www.tesco.com/groceries/en-GB/products/281085590,https://www.tesco.com/groceries/en-GB/products/259541778,https://www.tesco.com/groceries/en-GB/products/256531486,https://www.tesco.com/groceries/en-GB/products/304410983,https://www.tesco.com/groceries/en-GB/products/299038596,,,,,,5.00
28,01.1 Food,01.1.2 Meat,Loin chops pork,https://www.tesco.com/groceries/en-GB/products/293861718,,,,,,,,,,4.00
29,01.1 Food,01.1.2 Meat,Gammon,https://www.tesco.com/groceries/en-GB/products/267158243,https://www.tesco.com/groceries/en-GB/products/267158491,https://www.tesco.com/groceries/en-GB/products/291125367,https://www.tesco.com/groceries/en-GB/products/291126003,https://www.tesco.com/groceries/en-GB/products/301832309,,,,,,3.79
30,01.1 Food,01.1.2 Meat,Back bacon,https://www.tesco.com/groceries/en-GB/products/303088622,https://www.tesco.com/groceries/en-GB/products/268287042,https://www.tesco.com/groceries/en-GB/products/267992016,https://www.tesco.com/groceries/en-GB/products/303088645,https://www.tesco.com/groceries/en-GB/products/267995121,,,,,,1.95
31,01.1 Food,01.1.2 Meat,Oven-ready joint,https://www.tesco.com/groceries/en-GB/products/297793994,https://www.tesco.com/groceries/en-GB/products/267158243,https://www.tesco.com/groceries/en-GB/products/297794117,https://www.tesco.com/groceries/en-GB/products/267158491,https://www.tesco.com/groceries/en-GB/products/304380245,,,,,,5.60
32,01.1 Food,01.1.2 Meat,Fresh/chilled whole chicken,https://www.tesco.com/groceries/en-GB/products/250527991,https://www.tesco.com/groceries/en-GB/products/304404069,https://www.tesco.com/groceries/en-GB/products/284953900,https://www.tesco.com/groceries/en-GB/products/306941570,https://www.tesco.com/groceries/en-GB/products/276054144,,,,,,10.23
33,01.1 Food,01.1.2 Meat,Rotisserie cooked hot whole chicken,https://www.tesco.com/groceries/en-GB/products/306941570,https://www.tesco.com/groceries/en-GB/products/250527991,https://www.tesco.com/groceries/en-GB/products/290315714,https://www.tesco.com/groceries/en-GB/products/284953900,https://www.tesco.com/groceries/en-GB/products/304404069,,,,,,3.56
34,01.1 Food,01.1.2 Meat,Fresh chicken breasts,https://www.tesco.com/groceries/en-GB/products/285210252,https://www.tesco.com/groceries/en-GB/products/294007923,https://www.tesco.com/groceries/en-GB/products/304797305,https://www.tesco.com/groceries/en-GB/products/292606718,https://www.tesco.com/groceries/en-GB/products/308479935,,,,,,7.50
35,01.1 Food,01.1.2 Meat,Pork sausages,https://www.tesco.com/groceries/en-GB/products/280010485,https://www.tesco.com/groceries/en-GB/products/261879050,https://www.tesco.com/groceries/en-GB/products/280002982,https://www.tesco.com/groceries/en-GB/products/277643857,https://www.tesco.com/groceries/en-GB/products/279993208,,,,,,3.00
36,01.1 Food,01.1.2 Meat,Cooked meats - eg ham,https://www.tesco.com/groceries/en-GB/products/281388341,https://www.tesco.com/groceries/en-GB/products/276732609,https://www.tesco.com/groceries/en-GB/products/276492604,https://www.tesco.com/groceries/en-GB/products/299955783,https://www.tesco.com/groceries/en-GB/products/276477859,,,,,,2.25
37,01.1 Food,01.1.2 Meat,Canned meats,https://www.tesco.com/groceries/en-GB/products/309205889,https://www.tesco.com/groceries/en-GB/products/262974690,https://www.tesco.com/groceries/en-GB/products/259013148,https://www.tesco.com/groceries/en-GB/products/250316371,,,,,,,6.50
38,01.1 Food,01.1.2 Meat,Chicken kievs,https://www.tesco.com/groceries/en-GB/products/307733170,https://www.tesco.com/groceries/en-GB/products/309198897,https://www.tesco.com/groceries/en-GB/products/304406482,https://www.tesco.com/groceries/en-GB/products/264322746,https://www.tesco.com/groceries/en-GB/products/250057066,,,,,,3.75
39,01.1 Food,01.1.2 Meat,Continental deli type meat,https://www.tesco.com/groceries/en-GB/products/266452276,https://www.tesco.com/groceries/en-GB/products/304376625,https://www.tesco.com/groceries/en-GB/products/307747430,https://www.tesco.com/groceries/en-GB/products/281388341,https://www.tesco.com/groceries/en-GB/products/276732609,,,,,,1.90
40,01.1 Food,01.1.2 Meat,Meat pies,https://www.tesco.com/groceries/en-GB/products/254749399,https://www.tesco.com/groceries/en-GB/products/252234700,https://www.tesco.com/groceries/en-GB/products/285694127,https://www.tesco.com/groceries/en-GB/products/304388726,https://www.tesco.com/groceries/en-GB/products/255076939,,,,,,2.00
41,01.1 Food,01.1.2 Meat,Fresh diced/minced turkey,https://www.tesco.com/groceries/en-GB/products/293819690,https://www.tesco.com/groceries/en-GB/products/278942594,https://www.tesco.com/groceries/en-GB/products/275457044,https://www.tesco.com/groceries/en-GB/products/292276186,https://www.tesco.com/groceries/en-GB/products/293819816,,,,,,4.50
42,01.1 Food,01.1.2 Meat,Frozen chicken nuggets,https://www.tesco.com/groceries/en-GB/products/301737929,https://www.tesco.com/groceries/en-GB/products/289806238,https://www.tesco.com/groceries/en-GB/products/271023178,https://www.tesco.com/groceries/en-GB/products/299587469,https://www.tesco.com/groceries/en-GB/products/309748909,,,,,,0.99
43,01.1 Food,01.1.2 Meat,Liver,https://www.tesco.com/groceries/en-GB/products/265490888,https://www.tesco.com/groceries/en-GB/products/258016016,https://www.tesco.com/groceries/en-GB/products/258016074,https://www.tesco.com/groceries/en-GB/products/312217935,https://www.tesco.com/groceries/en-GB/products/310167616,,,,,,3.00
44,01.1 Food,01.1.2 Meat,Meat based snacks,https://www.tesco.com/groceries/en-GB/products/307736190,https://www.tesco.com/groceries/en-GB/products/307735663,https://www.tesco.com/groceries/en-GB/products/302489656,https://www.tesco.com/groceries/en-GB/products/307358815,https://www.tesco.com/groceries/en-GB/products/307351159,,,,,,1.75
45,01.1 Food,01.1.3 Fish,Fresh white fish fillets,https://www.tesco.com/groceries/en-GB/products/299598237,https://www.tesco.com/groceries/en-GB/products/268093052,https://www.tesco.com/groceries/en-GB/products/284754560,https://www.tesco.com/groceries/en-GB/products/301882975,https://www.tesco.com/groceries/en-GB/products/268228424,,,,,,4.00
46,01.1 Food,01.1.3 Fish,Canned tuna,https://www.tesco.com/groceries/en-GB/products/291046529,,,,,,,,,,1.70
47,01.1 Food,01.1.3 Fish,Frozen prawns,https://www.tesco.com/groceries/en-GB/products/277744283,https://www.tesco.com/groceries/en-GB/products/265296387,https://www.tesco.com/groceries/en-GB/products/305523531,https://www.tesco.com/groceries/en-GB/products/299538989,https://www.tesco.com/groceries/en-GB/products/265418417,,,,,,3.50
48,01.1 Food,01.1.3 Fish,Fresh salmon fillets,https://www.tesco.com/groceries/en-GB/products/310127031,https://www.tesco.com/groceries/en-GB/products/312706535,https://www.tesco.com/groceries/en-GB/products/296920881,https://www.tesco.com/groceries/en-GB/products/303226327,https://www.tesco.com/groceries/en-GB/products/297186912,,,,,,2.50
49,01.1 Food,01.1.3 Fish,Fish fingers,https://www.tesco.com/groceries/en-GB/products/296117381,https://www.tesco.com/groceries/en-GB/products/302861774,https://www.tesco.com/groceries/en-GB/products/302861561,https://www.tesco.com/groceries/en-GB/products/259764998,https://www.tesco.com/groceries/en-GB/products/310098824,,,,,,2.75
50,01.1 Food,01.1.3 Fish,Frozen breaded/battered white fish,https://www.tesco.com/groceries/en-GB/products/299624340,https://www.tesco.com/groceries/en-GB/products/268093052,https://www.tesco.com/groceries/en-GB/products/310133227,https://www.tesco.com/groceries/en-GB/products/299598237,https://www.tesco.com/groceries/en-GB/products/299624328,,,,,,2.35
51,01.1 Food,"01.1.4 Milk, Cheese and Eggs",Full-fat and semi-skimmed milk - shop-bought and delivered,https://www.tesco.com/groceries/en-GB/products/252207537,https://www.tesco.com/groceries/en-GB/products/255986260,https://www.tesco.com/groceries/en-GB/products/251314158,https://www.tesco.com/groceries/en-GB/products/254656543,https://www.tesco.com/groceries/en-GB/products/250798467,,,,,,1.65
52,01.1 Food,"01.1.4 Milk, Cheese and Eggs",Flavoured milk,https://www.tesco.com/groceries/en-GB/products/311939727,https://www.tesco.com/groceries/en-GB/products/309454715,https://www.tesco.com/groceries/en-GB/products/310152607,https://www.tesco.com/groceries/en-GB/products/310145337,https://www.tesco.com/groceries/en-GB/products/310176058,,,,,,1.25
53,01.1 Food,"01.1.4 Milk, Cheese and Eggs",Fresh cream,https://www.tesco.com/groceries/en-GB/products/252645749,https://www.tesco.com/groceries/en-GB/products/262479736,https://www.tesco.com/groceries/en-GB/products/262480260,https://www.tesco.com/groceries/en-GB/products/262479625,https://www.tesco.com/groceries/en-GB/products/262479533,,,,,,1.35
54,01.1 Food,"01.1.4 Milk, Cheese and Eggs",Chilled pot dessert,https://www.tesco.com/groceries/en-GB/products/292727834,https://www.tesco.com/groceries/en-GB/products/311948209,https://www.tesco.com/groceries/en-GB/products/294303889,https://www.tesco.com/groceries/en-GB/products/311797145,https://www.tesco.com/groceries/en-GB/products/311807037,,,,,,1.00
55,01.1 Food,"01.1.4 Milk, Cheese and Eggs",Eggs,https://www.tesco.com/groceries/en-GB/products/260298456,https://www.tesco.com/groceries/en-GB/products/260298462,https://www.tesco.com/groceries/en-GB/products/250802567,https://www.tesco.com/groceries/en-GB/products/295693390,https://www.tesco.com/groceries/en-GB/products/250802613,,,,,,2.55
56,01.1 Food,"01.1.4 Milk, Cheese and Eggs",Other regional cheeses,https://www.tesco.com/groceries/en-GB/products/299770160,https://www.tesco.com/groceries/en-GB/products/299770183,https://www.tesco.com/groceries/en-GB/products/300257842,https://www.tesco.com/groceries/en-GB/products/302676688,https://www.tesco.com/groceries/en-GB/products/305990028,,,,,,3.00
57,01.1 Food,"01.1.4 Milk, Cheese and Eggs",Parmesan,https://www.tesco.com/groceries/en-GB/products/255081368,https://www.tesco.com/groceries/en-GB/products/260663698,https://www.tesco.com/groceries/en-GB/products/312714076,https://www.tesco.com/groceries/en-GB/products/311440838,https://www.tesco.com/groceries/en-GB/products/310179458,,,,,,1.65
58,01.1 Food,"01.1.4 Milk, Cheese and Eggs",Powdered baby formula,https://www.tesco.com/groceries/en-GB/products/307147702,https://www.tesco.com/groceries/en-GB/products/303335307,https://www.tesco.com/groceries/en-GB/products/303335329,https://www.tesco.com/groceries/en-GB/products/301891814,https://www.tesco.com/groceries/en-GB/products/303350104,,,,,,3.50
59,01.1 Food,"01.1.4 Milk, Cheese and Eggs",Non-dairy milk drink,https://www.tesco.com/groceries/en-GB/products/258126721,https://www.tesco.com/groceries/en-GB/products/311939727,https://www.tesco.com/groceries/en-GB/products/308458701,https://www.tesco.com/groceries/en-GB/products/276606921,https://www.tesco.com/groceries/en-GB/products/310656320,,,,,,1.60
60,01.1 Food,"01.1.4 Milk, Cheese and Eggs",Yoghurt,https://www.tesco.com/groceries/en-GB/products/291856861,https://www.tesco.com/groceries/en-GB/products/291729465,https://www.tesco.com/groceries/en-GB/products/258170229,https://www.tesco.com/groceries/en-GB/products/268780385,https://www.tesco.com/groceries/en-GB/products/268776788,,,,,,1.65
61,01.1 Food,"01.1.4 Milk, Cheese and Eggs",Fromage frais,https://www.tesco.com/groceries/en-GB/products/285021026,https://www.tesco.com/groceries/en-GB/products/285021202,https://www.tesco.com/groceries/en-GB/products/299970378,https://www.tesco.com/groceries/en-GB/products/299770269,https://www.tesco.com/groceries/en-GB/products/299970418,,,,,,1.20
62,01.1 Food,"01.1.4 Milk, Cheese and Eggs",Cheddar - home-produced,https://www.tesco.com/groceries/en-GB/products/305977270,https://www.tesco.com/groceries/en-GB/products/302676607,https://www.tesco.com/groceries/en-GB/products/301511281,https://www.tesco.com/groceries/en-GB/products/305948529,https://www.tesco.com/groceries/en-GB/products/264156267,,,,,,2.65
63,01.1 Food,"01.1.4 Milk, Cheese and Eggs",Soft continental cheese,https://www.tesco.com/groceries/en-GB/products/258015530,https://www.tesco.com/groceries/en-GB/products/257596614,https://www.tesco.com/groceries/en-GB/products/299914861,https://www.tesco.com/groceries/en-GB/products/260794122,https://www.tesco.com/groceries/en-GB/products/254908718,,,,,,1.82
64,01.1 Food,"01.1.4 Milk, Cheese and Eggs",Cheese spread,https://www.tesco.com/groceries/en-GB/products/285140562,https://www.tesco.com/groceries/en-GB/products/299001985,https://www.tesco.com/groceries/en-GB/products/258805200,https://www.tesco.com/groceries/en-GB/products/299982577,https://www.tesco.com/groceries/en-GB/products/303629634,,,,,,1.20
65,01.1 Food,01.1.5 Oils and Fats,Margarine/low fat spread,https://www.tesco.com/groceries/en-GB/products/260977655,https://www.tesco.com/groceries/en-GB/products/251063638,https://www.tesco.com/groceries/en-GB/products/253695365,https://www.tesco.com/groceries/en-GB/products/254263702,https://www.tesco.com/groceries/en-GB/products/259373535,,,,,,2.40
66,01.1 Food,01.1.5 Oils and Fats,Block butter,https://www.tesco.com/groceries/en-GB/products/306944307,https://www.tesco.com/groceries/en-GB/products/290920510,https://www.tesco.com/groceries/en-GB/products/254263374,https://www.tesco.com/groceries/en-GB/products/261819888,https://www.tesco.com/groceries/en-GB/products/254263339,,,,,,2.70
67,01.1 Food,01.1.5 Oils and Fats,Peanut Butter,https://www.tesco.com/groceries/en-GB/products/308103183,https://www.tesco.com/groceries/en-GB/products/301510512,https://www.tesco.com/groceries/en-GB/products/301638252,https://www.tesco.com/groceries/en-GB/products/294224337,https://www.tesco.com/groceries/en-GB/products/294224350,,,,,,6.80
68,01.1 Food,01.1.5 Oils and Fats,Olive oil,https://www.tesco.com/groceries/en-GB/products/282150459,https://www.tesco.com/groceries/en-GB/products/308111569,https://www.tesco.com/groceries/en-GB/products/254918424,https://www.tesco.com/groceries/en-GB/products/253628953,https://www.tesco.com/groceries/en-GB/products/254918418,,,,,,3.70
69,01.1 Food,01.1.5 Oils and Fats,Spreadable butter,https://www.tesco.com/groceries/en-GB/products/312565758,https://www.tesco.com/groceries/en-GB/products/291725665,https://www.tesco.com/groceries/en-GB/products/253886894,https://www.tesco.com/groceries/en-GB/products/291729407,https://www.tesco.com/groceries/en-GB/products/305963643,,,,,,5.85
70,01.1 Food,01.1.6 Fruit,Cooking apples,https://www.tesco.com/groceries/en-GB/products/253558033,,,,,,,,,,0.55
71,01.1 Food,01.1.6 Fruit,Pears,https://www.tesco.com/groceries/en-GB/products/253561247,https://www.tesco.com/groceries/en-GB/products/284475227,https://www.tesco.com/groceries/en-GB/products/264250282,https://www.tesco.com/groceries/en-GB/products/264250322,https://www.tesco.com/groceries/en-GB/products/284475164,,,,,,2.00
72,01.1 Food,01.1.6 Fruit,Strawberries,https://www.tesco.com/groceries/en-GB/products/272202380,https://www.tesco.com/groceries/en-GB/products/265135861,https://www.tesco.com/groceries/en-GB/products/292226511,https://www.tesco.com/groceries/en-GB/products/290455657,https://www.tesco.com/groceries/en-GB/products/303391549,,,,,,2.40
73,01.1 Food,01.1.6 Fruit,Oranges,https://www.tesco.com/groceries/en-GB/products/308499433,https://www.tesco.com/groceries/en-GB/products/288136888,https://www.tesco.com/groceries/en-GB/products/253554014,https://www.tesco.com/groceries/en-GB/products/253554170,https://www.tesco.com/groceries/en-GB/products/309178846,,,,,,2.00
74,01.1 Food,01.1.6 Fruit,Avocado pears,https://www.tesco.com/groceries/en-GB/products/298503404,https://www.tesco.com/groceries/en-GB/products/265299741,https://www.tesco.com/groceries/en-GB/products/284605046,https://www.tesco.com/groceries/en-GB/products/265299361,https://www.tesco.com/groceries/en-GB/products/284475164,,,,,,2.00
75,01.1 Food,01.1.6 Fruit,Kiwi fruit,https://www.tesco.com/groceries/en-GB/products/253554285,https://www.tesco.com/groceries/en-GB/products/312999020,,,,,,,,,5.99
76,01.1 Food,01.1.6 Fruit,Melon,https://www.tesco.com/groceries/en-GB/products/302971880,https://www.tesco.com/groceries/en-GB/products/254385356,https://www.tesco.com/groceries/en-GB/products/256582085,https://www.tesco.com/groceries/en-GB/products/262456128,https://www.tesco.com/groceries/en-GB/products/277053207,,,,,,2.25
77,01.1 Food,01.1.6 Fruit,Pineapple,https://www.tesco.com/groceries/en-GB/products/311782986,https://www.tesco.com/groceries/en-GB/products/255230763,https://www.tesco.com/groceries/en-GB/products/255605263,https://www.tesco.com/groceries/en-GB/products/311449005,https://www.tesco.com/groceries/en-GB/products/308859526,,,,,,0.90
78,01.1 Food,01.1.6 Fruit,Lemon,https://www.tesco.com/groceries/en-GB/products/295848876,https://www.tesco.com/groceries/en-GB/products/296983713,https://www.tesco.com/groceries/en-GB/products/253556398,https://www.tesco.com/groceries/en-GB/products/257875814,https://www.tesco.com/groceries/en-GB/products/292216045,,,,,,0.50
79,01.1 Food,01.1.6 Fruit,Dried fruit,https://www.tesco.com/groceries/en-GB/products/254915329,https://www.tesco.com/groceries/en-GB/products/253024187,https://www.tesco.com/groceries/en-GB/products/271074203,https://www.tesco.com/groceries/en-GB/products/262925566,https://www.tesco.com/groceries/en-GB/products/262925720,,,,,,2.40
80,01.1 Food,01.1.6 Fruit,Salted/roasted peanuts,https://www.tesco.com/groceries/en-GB/products/300283810,https://www.tesco.com/groceries/en-GB/products/297512084,https://www.tesco.com/groceries/en-GB/products/300283833,https://www.tesco.com/groceries/en-GB/products/297511989,https://www.tesco.com/groceries/en-GB/products/297512049,,,,,,1.20
81,01.1 Food,01.1.6 Fruit,Dessert apples,https://www.tesco.com/groceries/en-GB/products/311941009,,,,,,,,,,3.75
82,01.1 Food,01.1.6 Fruit,Bananas,https://www.tesco.com/groceries/en-GB/products/275280804,https://www.tesco.com/groceries/en-GB/products/303869954,https://www.tesco.com/groceries/en-GB/products/312082880,https://www.tesco.com/groceries/en-GB/products/312099889,https://www.tesco.com/groceries/en-GB/products/273420937,,,,,,1.65
83,01.1 Food,01.1.6 Fruit,Grapes,https://www.tesco.com/groceries/en-GB/products/308859578,https://www.tesco.com/groceries/en-GB/products/260138514,https://www.tesco.com/groceries/en-GB/products/308824366,https://www.tesco.com/groceries/en-GB/products/260138290,https://www.tesco.com/groceries/en-GB/products/260138854,,,,,,2.00
84,01.1 Food,01.1.6 Fruit,Small oranges,https://www.tesco.com/groceries/en-GB/products/293438070,https://www.tesco.com/groceries/en-GB/products/302595121,,,,,,,,,2.50
85,01.1 Food,01.1.6 Fruit,Plums,https://www.tesco.com/groceries/en-GB/products/311430205,https://www.tesco.com/groceries/en-GB/products/296057710,https://www.tesco.com/groceries/en-GB/products/312573529,https://www.tesco.com/groceries/en-GB/products/292275580,https://www.tesco.com/groceries/en-GB/products/311672195,,,,,,2.50
86,01.1 Food,01.1.6 Fruit,Grapefruit,https://www.tesco.com/groceries/en-GB/products/253561443,https://www.tesco.com/groceries/en-GB/products/310170370,https://www.tesco.com/groceries/en-GB/products/306666930,https://www.tesco.com/groceries/en-GB/products/251310393,https://www.tesco.com/groceries/en-GB/products/306647832,,,,,,0.85
87,01.1 Food,01.1.6 Fruit,Blueberries,https://www.tesco.com/groceries/en-GB/products/312345783,https://www.tesco.com/groceries/en-GB/products/311219589,https://www.tesco.com/groceries/en-GB/products/287357000,https://www.tesco.com/groceries/en-GB/products/287356888,https://www.tesco.com/groceries/en-GB/products/292248554,,,,,,0.99
88,01.1 Food,01.1.6 Fruit,Raspberries,https://www.tesco.com/groceries/en-GB/products/307356459,https://www.tesco.com/groceries/en-GB/products/292248312,https://www.tesco.com/groceries/en-GB/products/308474013,https://www.tesco.com/groceries/en-GB/products/287377667,https://www.tesco.com/groceries/en-GB/products/251622070,,,,,,2.40
89,01.1 Food,01.1.6 Fruit,Fresh fruit snacking pot,https://www.tesco.com/groceries/en-GB/products/293427780,https://www.tesco.com/groceries/en-GB/products/304371671,https://www.tesco.com/groceries/en-GB/products/262925720,https://www.tesco.com/groceries/en-GB/products/262925566,https://www.tesco.com/groceries/en-GB/products/312345783,,,,,,2.40
90,01.1 Food,01.1.6 Fruit,Canned fruit,https://www.tesco.com/groceries/en-GB/products/307356459,https://www.tesco.com/groceries/en-GB/products/307355254,https://www.tesco.com/groceries/en-GB/products/293427780,https://www.tesco.com/groceries/en-GB/products/304371671,https://www.tesco.com/groceries/en-GB/products/312699801,,,,,,2.25
91,01.1 Food,01.1.7 Vegetables,"Loose and pre-packed potatoes - old, new and baking varieties",https://www.tesco.com/groceries/en-GB/products/253558183,https://www.tesco.com/groceries/en-GB/products/258423951,https://www.tesco.com/groceries/en-GB/products/305729979,https://www.tesco.com/groceries/en-GB/products/255095718,https://www.tesco.com/groceries/en-GB/products/277438133,,,,,,1.40
92,01.1 Food,01.1.7 Vegetables,Prepared mashed potato,https://www.tesco.com/groceries/en-GB/products/267111051,https://www.tesco.com/groceries/en-GB/products/309754130,https://www.tesco.com/groceries/en-GB/products/299982630,https://www.tesco.com/groceries/en-GB/products/277418278,https://www.tesco.com/groceries/en-GB/products/251250935,,,,,,1.00
93,01.1 Food,01.1.7 Vegetables,Crisps - single and multi-packs,https://www.tesco.com/groceries/en-GB/products/311445467,https://www.tesco.com/groceries/en-GB/products/311425990,https://www.tesco.com/groceries/en-GB/products/311438266,https://www.tesco.com/groceries/en-GB/products/290572685,https://www.tesco.com/groceries/en-GB/products/274215027,,,,,,0.90
94,01.1 Food,01.1.7 Vegetables,Corn based snacks,https://www.tesco.com/groceries/en-GB/products/307358815,https://www.tesco.com/groceries/en-GB/products/307351159,https://www.tesco.com/groceries/en-GB/products/265689717,https://www.tesco.com/groceries/en-GB/products/308471258,https://www.tesco.com/groceries/en-GB/products/303300896,,,,,,2.85
95,01.1 Food,01.1.7 Vegetables,Fresh tomatoes,https://www.tesco.com/groceries/en-GB/products/282997799,https://www.tesco.com/groceries/en-GB/products/304401366,https://www.tesco.com/groceries/en-GB/products/254999782,https://www.tesco.com/groceries/en-GB/products/311693319,https://www.tesco.com/groceries/en-GB/products/285212132,,,,,,1.00
96,01.1 Food,01.1.7 Vegetables,Cauliflower,https://www.tesco.com/groceries/en-GB/products/253558119,https://www.tesco.com/groceries/en-GB/products/254973708,https://www.tesco.com/groceries/en-GB/products/297395359,https://www.tesco.com/groceries/en-GB/products/282489669,https://www.tesco.com/groceries/en-GB/products/303260549,,,,,,3.30
97,01.1 Food,01.1.7 Vegetables,Mushrooms,https://www.tesco.com/groceries/en-GB/products/280046682,https://www.tesco.com/groceries/en-GB/products/273796618,https://www.tesco.com/groceries/en-GB/products/280046454,https://www.tesco.com/groceries/en-GB/products/287571051,https://www.tesco.com/groceries/en-GB/products/279316390,,,,,,1.20
98,01.1 Food,01.1.7 Vegetables,Lettuce,https://www.tesco.com/groceries/en-GB/products/253557495,https://www.tesco.com/groceries/en-GB/products/253560041,https://www.tesco.com/groceries/en-GB/products/267315167,https://www.tesco.com/groceries/en-GB/products/264534350,https://www.tesco.com/groceries/en-GB/products/312704710,,,,,,0.75
99,01.1 Food,01.1.7 Vegetables,Broccoli,https://www.tesco.com/groceries/en-GB/products/305255289,https://www.tesco.com/groceries/en-GB/products/277926811,https://www.tesco.com/groceries/en-GB/products/299389237,https://www.tesco.com/groceries/en-GB/products/307344549,https://www.tesco.com/groceries/en-GB/products/257231200,,,,,,0.72
100,01.1 Food,01.1.7 Vegetables,Sweet potatoes,https://www.tesco.com/groceries/en-GB/products/253559199,https://www.tesco.com/groceries/en-GB/products/310190037,https://www.tesco.com/groceries/en-GB/products/296010777,https://www.tesco.com/groceries/en-GB/products/299539280,https://www.tesco.com/groceries/en-GB/products/289647218,,,,,,1.60
101,01.1 Food,01.1.7 Vegetables,Canned pulses,https://www.tesco.com/groceries/en-GB/products/256533772,https://www.tesco.com/groceries/en-GB/products/267275887,https://www.tesco.com/groceries/en-GB/products/256538133,https://www.tesco.com/groceries/en-GB/products/254875859,https://www.tesco.com/groceries/en-GB/products/256534728,,,,,,1.35
102,01.1 Food,01.1.7 Vegetables,Canned tomatoes,https://www.tesco.com/groceries/en-GB/products/267747957,https://www.tesco.com/groceries/en-GB/products/254299631,https://www.tesco.com/groceries/en-GB/products/251825089,https://www.tesco.com/groceries/en-GB/products/254757959,https://www.tesco.com/groceries/en-GB/products/299768716,,,,,,0.32
103,01.1 Food,01.1.7 Vegetables,Frozen pre-prepared vegetables,https://www.tesco.com/groceries/en-GB/products/277221026,https://www.tesco.com/groceries/en-GB/products/299539280,https://www.tesco.com/groceries/en-GB/products/264226012,https://www.tesco.com/groceries/en-GB/products/256130808,https://www.tesco.com/groceries/en-GB/products/264889062,,,,,,1.50
104,01.1 Food,01.1.7 Vegetables,Vegetarian burger/grills,https://www.tesco.com/groceries/en-GB/products/255631064,https://www.tesco.com/groceries/en-GB/products/311688009,https://www.tesco.com/groceries/en-GB/products/311435459,https://www.tesco.com/groceries/en-GB/products/299390610,https://www.tesco.com/groceries/en-GB/products/295628630,,,,,,1.75
105,01.1 Food,01.1.7 Vegetables,Vegetable stir fry,https://www.tesco.com/groceries/en-GB/products/301226624,https://www.tesco.com/groceries/en-GB/products/311268985,https://www.tesco.com/groceries/en-GB/products/264653295,,,,,,,,2.00
106,01.1 Food,01.1.7 Vegetables,Frozen chips,https://www.tesco.com/groceries/en-GB/products/292523862,https://www.tesco.com/groceries/en-GB/products/284197579,https://www.tesco.com/groceries/en-GB/products/306503133,https://www.tesco.com/groceries/en-GB/products/305975341,https://www.tesco.com/groceries/en-GB/products/285679405,,,,,,1.85
107,01.1 Food,01.1.7 Vegetables,Vegetable crisps,https://www.tesco.com/groceries/en-GB/products/298179879,https://www.tesco.com/groceries/en-GB/products/309488813,https://www.tesco.com/groceries/en-GB/products/312367405,https://www.tesco.com/groceries/en-GB/products/274215027,,,,,,,0.90
108,01.1 Food,01.1.7 Vegetables,Peppers,https://www.tesco.com/groceries/en-GB/products/295673143,https://www.tesco.com/groceries/en-GB/products/258421636,https://www.tesco.com/groceries/en-GB/products/296057883,https://www.tesco.com/groceries/en-GB/products/301052719,https://www.tesco.com/groceries/en-GB/products/268247996,,,,,,2.95
109,01.1 Food,01.1.7 Vegetables,Cabbage,https://www.tesco.com/groceries/en-GB/products/284276132,https://www.tesco.com/groceries/en-GB/products/301871090,https://www.tesco.com/groceries/en-GB/products/294070748,https://www.tesco.com/groceries/en-GB/products/254941983,https://www.tesco.com/groceries/en-GB/products/294083203,,,,,,2.00
110,01.1 Food,01.1.7 Vegetables,Carrots,https://www.tesco.com/groceries/en-GB/products/254638565,https://www.tesco.com/groceries/en-GB/products/305953125,https://www.tesco.com/groceries/en-GB/products/271223759,https://www.tesco.com/groceries/en-GB/products/256687445,https://www.tesco.com/groceries/en-GB/products/264421725,,,,,,1.10
111,01.1 Food,01.1.7 Vegetables,Onions,https://www.tesco.com/groceries/en-GB/products/255736044,https://www.tesco.com/groceries/en-GB/products/281426090,https://www.tesco.com/groceries/en-GB/products/253557034,https://www.tesco.com/groceries/en-GB/products/281425851,https://www.tesco.com/groceries/en-GB/products/262645072,,,,,,1.05
112,01.1 Food,01.1.7 Vegetables,Cucumbers,https://www.tesco.com/groceries/en-GB/products/253558972,https://www.tesco.com/groceries/en-GB/products/292663718,https://www.tesco.com/groceries/en-GB/products/280379906,https://www.tesco.com/groceries/en-GB/products/251582605,https://www.tesco.com/groceries/en-GB/products/309493213,,,,,,3.35
113,01.1 Food,01.1.7 Vegetables,Courgettes,https://www.tesco.com/groceries/en-GB/products/307741528,https://www.tesco.com/groceries/en-GB/products/253554596,https://www.tesco.com/groceries/en-GB/products/302292312,https://www.tesco.com/groceries/en-GB/products/301324519,https://www.tesco.com/groceries/en-GB/products/301269204,,,,,,0.80
114,01.1 Food,01.1.7 Vegetables,Pre-packed salad,https://www.tesco.com/groceries/en-GB/products/300793097,https://www.tesco.com/groceries/en-GB/products/288514602,https://www.tesco.com/groceries/en-GB/products/311945898,https://www.tesco.com/groceries/en-GB/products/305431000,https://www.tesco.com/groceries/en-GB/products/305040105,,,,,,3.00
115,01.1 Food,01.1.7 Vegetables,Canned baked beans,https://www.tesco.com/groceries/en-GB/products/275154114,https://www.tesco.com/groceries/en-GB/products/273724002,https://www.tesco.com/groceries/en-GB/products/275184389,https://www.tesco.com/groceries/en-GB/products/275184625,https://www.tesco.com/groceries/en-GB/products/305959286,,,,,,1.80
116,01.1 Food,01.1.7 Vegetables,Canned sweetcorn,https://www.tesco.com/groceries/en-GB/products/299539429,https://www.tesco.com/groceries/en-GB/products/259488440,https://www.tesco.com/groceries/en-GB/products/309480476,https://www.tesco.com/groceries/en-GB/products/251788587,https://www.tesco.com/groceries/en-GB/products/272599554,,,,,,1.60
117,01.1 Food,01.1.7 Vegetables,Frozen peas,https://www.tesco.com/groceries/en-GB/products/296118224,https://www.tesco.com/groceries/en-GB/products/250172580,https://www.tesco.com/groceries/en-GB/products/299539406,https://www.tesco.com/groceries/en-GB/products/250172608,https://www.tesco.com/groceries/en-GB/products/296118260,,,,,,2.45
118,01.1 Food,01.1.7 Vegetables,Vegetarian pickle,https://www.tesco.com/groceries/en-GB/products/256633210,https://www.tesco.com/groceries/en-GB/products/305730412,https://www.tesco.com/groceries/en-GB/products/256632303,https://www.tesco.com/groceries/en-GB/products/256633636,https://www.tesco.com/groceries/en-GB/products/256632804,,,,,,2.60
119,01.1 Food,01.1.7 Vegetables,Meat free sausages,https://www.tesco.com/groceries/en-GB/products/304381808,https://www.tesco.com/groceries/en-GB/products/306655367,https://www.tesco.com/groceries/en-GB/products/311796751,https://www.tesco.com/groceries/en-GB/products/293795249,https://www.tesco.com/groceries/en-GB/products/306662485,,,,,,2.50
120,01.1 Food,"01.1.8 Sugar, Jam, Syrups, Chocolate and Confectionery",Sugar,https://www.tesco.com/groceries/en-GB/products/308831052,https://www.tesco.com/groceries/en-GB/products/311262916,https://www.tesco.com/groceries/en-GB/products/252528422,https://www.tesco.com/groceries/en-GB/products/252528508,https://www.tesco.com/groceries/en-GB/products/301965329,,,,,,2.25
121,01.1 Food,"01.1.8 Sugar, Jam, Syrups, Chocolate and Confectionery",Honey,https://www.tesco.com/groceries/en-GB/products/310179032,https://www.tesco.com/groceries/en-GB/products/274088885,https://www.tesco.com/groceries/en-GB/products/296981617,https://www.tesco.com/groceries/en-GB/products/302321469,https://www.tesco.com/groceries/en-GB/products/255771108,,,,,,3.00
122,01.1 Food,"01.1.8 Sugar, Jam, Syrups, Chocolate and Confectionery",Jam,https://www.tesco.com/groceries/en-GB/products/301323296,https://www.tesco.com/groceries/en-GB/products/254849603,https://www.tesco.com/groceries/en-GB/products/282337775,https://www.tesco.com/groceries/en-GB/products/250782952,https://www.tesco.com/groceries/en-GB/products/251735881,,,,,,2.00
123,01.1 Food,"01.1.8 Sugar, Jam, Syrups, Chocolate and Confectionery",Ice cream,https://www.tesco.com/groceries/en-GB/products/310696208,https://www.tesco.com/groceries/en-GB/products/295432233,https://www.tesco.com/groceries/en-GB/products/277006351,https://www.tesco.com/groceries/en-GB/products/299252566,https://www.tesco.com/groceries/en-GB/products/257236137,,,,,,3.30
124,01.1 Food,"01.1.8 Sugar, Jam, Syrups, Chocolate and Confectionery","Various selected popular brands of sweets, chocolates, gum and mints",https://www.tesco.com/groceries/en-GB/products/311956758,https://www.tesco.com/groceries/en-GB/products/253747627,https://www.tesco.com/groceries/en-GB/products/305966830,https://www.tesco.com/groceries/en-GB/products/268044802,https://www.tesco.com/groceries/en-GB/products/277491120,,,,,,0.65
125,01.1 Food,01.1.9 Food Products (not elsewhere covered),Soup,https://www.tesco.com/groceries/en-GB/products/258156783,https://www.tesco.com/groceries/en-GB/products/250412245,https://www.tesco.com/groceries/en-GB/products/253751308,https://www.tesco.com/groceries/en-GB/products/307751142,https://www.tesco.com/groceries/en-GB/products/274749311,,,,,,2.75
126,01.1 Food,01.1.9 Food Products (not elsewhere covered),Ready cooked meals,https://www.tesco.com/groceries/en-GB/products/312091644,https://www.tesco.com/groceries/en-GB/products/312088891,https://www.tesco.com/groceries/en-GB/products/305838896,https://www.tesco.com/groceries/en-GB/products/305829757,https://www.tesco.com/groceries/en-GB/products/312083533,,,,,,3.75
127,01.1 Food,01.1.9 Food Products (not elsewhere covered),"Various sauces - eg tomato ketchup, mayonnaise",https://www.tesco.com/groceries/en-GB/products/304408612,https://www.tesco.com/groceries/en-GB/products/250181618,https://www.tesco.com/groceries/en-GB/products/309197126,https://www.tesco.com/groceries/en-GB/products/305831840,https://www.tesco.com/groceries/en-GB/products/305835398,,,,,,0.62
128,01.1 Food,01.1.9 Food Products (not elsewhere covered),Dried herbs,https://www.tesco.com/groceries/en-GB/products/301392459,https://www.tesco.com/groceries/en-GB/products/254919066,https://www.tesco.com/groceries/en-GB/products/257485607,https://www.tesco.com/groceries/en-GB/products/300456480,https://www.tesco.com/groceries/en-GB/products/300456347,,,,,,1.10
129,01.1 Food,01.1.9 Food Products (not elsewhere covered),Protein powder,https://www.tesco.com/groceries/en-GB/products/270916080,https://www.tesco.com/groceries/en-GB/products/270915985,https://www.tesco.com/groceries/en-GB/products/308116726,https://www.tesco.com/groceries/en-GB/products/310652324,https://www.tesco.com/groceries/en-GB/products/301956779,,,,,,12.00
130,01.2 Non-Alcoholic Beverages,"01.2.1 Coffee, Tea and Cocoa",Tea bags,https://www.tesco.com/groceries/en-GB/products/287194975,https://www.tesco.com/groceries/en-GB/products/311786481,https://www.tesco.com/groceries/en-GB/products/287195415,https://www.tesco.com/groceries/en-GB/products/308467696,https://www.tesco.com/groceries/en-GB/products/286841223,,,,,,5.49
131,01.2 Non-Alcoholic Beverages,"01.2.1 Coffee, Tea and Cocoa",Coffee sachets,https://www.tesco.com/groceries/en-GB/products/261149488,https://www.tesco.com/groceries/en-GB/products/312208693,https://www.tesco.com/groceries/en-GB/products/312221707,https://www.tesco.com/groceries/en-GB/products/299555670,https://www.tesco.com/groceries/en-GB/products/296142004,,,,,,2.10
132,01.2 Non-Alcoholic Beverages,"01.2.1 Coffee, Tea and Cocoa",Coffee pods,https://www.tesco.com/groceries/en-GB/products/307398364,https://www.tesco.com/groceries/en-GB/products/311690023,https://www.tesco.com/groceries/en-GB/products/304493117,https://www.tesco.com/groceries/en-GB/products/301217330,https://www.tesco.com/groceries/en-GB/products/289573898,,,,,,4.80
133,01.2 Non-Alcoholic Beverages,"01.2.1 Coffee, Tea and Cocoa",Flavoured tea,https://www.tesco.com/groceries/en-GB/products/268234641,https://www.tesco.com/groceries/en-GB/products/297489928,https://www.tesco.com/groceries/en-GB/products/250467652,https://www.tesco.com/groceries/en-GB/products/308467696,https://www.tesco.com/groceries/en-GB/products/302275235,,,,,,5.49
134,01.2 Non-Alcoholic Beverages,"01.2.1 Coffee, Tea and Cocoa",Instant coffee,https://www.tesco.com/groceries/en-GB/products/312228415,https://www.tesco.com/groceries/en-GB/products/312221941,https://www.tesco.com/groceries/en-GB/products/307206126,https://www.tesco.com/groceries/en-GB/products/311259817,https://www.tesco.com/groceries/en-GB/products/257705936,,,,,,2.75
135,01.2 Non-Alcoholic Beverages,"01.2.1 Coffee, Tea and Cocoa",Hot chocolate drink,https://www.tesco.com/groceries/en-GB/products/254890316,https://www.tesco.com/groceries/en-GB/products/254890339,https://www.tesco.com/groceries/en-GB/products/265762705,https://www.tesco.com/groceries/en-GB/products/267526159,https://www.tesco.com/groceries/en-GB/products/259086190,,,,,,2.75
136,01.2 Non-Alcoholic Beverages,"01.2.2 Mineral Waters, Soft Drinks and Juices",Various pure fruit juices,https://www.tesco.com/groceries/en-GB/products/252530666,https://www.tesco.com/groceries/en-GB/products/263450571,https://www.tesco.com/groceries/en-GB/products/285644815,https://www.tesco.com/groceries/en-GB/products/276683488,https://www.tesco.com/groceries/en-GB/products/300473931,,,,,,0.85
137,01.2 Non-Alcoholic Beverages,"01.2.2 Mineral Waters, Soft Drinks and Juices",Fruit drink,https://www.tesco.com/groceries/en-GB/products/275454836,https://www.tesco.com/groceries/en-GB/products/281466214,https://www.tesco.com/groceries/en-GB/products/274212802,https://www.tesco.com/groceries/en-GB/products/272855015,https://www.tesco.com/groceries/en-GB/products/254390067,,,,,,1.50
138,01.2 Non-Alcoholic Beverages,"01.2.2 Mineral Waters, Soft Drinks and Juices",Mineral water,https://www.tesco.com/groceries/en-GB/products/308092689,https://www.tesco.com/groceries/en-GB/products/312847696,https://www.tesco.com/groceries/en-GB/products/253385692,https://www.tesco.com/groceries/en-GB/products/257342472,https://www.tesco.com/groceries/en-GB/products/309456229,,,,,,3.00
139,01.2 Non-Alcoholic Beverages,"01.2.2 Mineral Waters, Soft Drinks and Juices",Lemonade,https://www.tesco.com/groceries/en-GB/products/304378197,https://www.tesco.com/groceries/en-GB/products/298026623,https://www.tesco.com/groceries/en-GB/products/280364970,https://www.tesco.com/groceries/en-GB/products/308090039,https://www.tesco.com/groceries/en-GB/products/256458008,,,,,,1.35
140,01.2 Non-Alcoholic Beverages,"01.2.2 Mineral Waters, Soft Drinks and Juices",Various fizzy drinks,https://www.tesco.com/groceries/en-GB/products/311271675,https://www.tesco.com/groceries/en-GB/products/308091598,https://www.tesco.com/groceries/en-GB/products/310666930,https://www.tesco.com/groceries/en-GB/products/272639024,https://www.tesco.com/groceries/en-GB/products/311940172,,,,,,2.75
141,01.2 Non-Alcoholic Beverages,"01.2.2 Mineral Waters, Soft Drinks and Juices",Energy drinks,https://www.tesco.com/groceries/en-GB/products/310138513,https://www.tesco.com/groceries/en-GB/products/310131463,https://www.tesco.com/groceries/en-GB/products/276547921,https://www.tesco.com/groceries/en-GB/products/301421220,https://www.tesco.com/groceries/en-GB/products/302365941,,,,,,8.20
142,01.2 Non-Alcoholic Beverages,"01.2.2 Mineral Waters, Soft Drinks and Juices",Squashes,https://www.tesco.com/groceries/en-GB/products/277971111,https://www.tesco.com/groceries/en-GB/products/308825313,https://www.tesco.com/groceries/en-GB/products/293193754,https://www.tesco.com/groceries/en-GB/products/285000846,https://www.tesco.com/groceries/en-GB/products/309747824,,,,,,1.15
143,01.2 Non-Alcoholic Beverages,"01.2.2 Mineral Waters, Soft Drinks and Juices",Fruit/vegetable juice smoothie,https://www.tesco.com/groceries/en-GB/products/305963067,https://www.tesco.com/groceries/en-GB/products/277975101,https://www.tesco.com/groceries/en-GB/products/297753777,https://www.tesco.com/groceries/en-GB/products/256650348,https://www.tesco.com/groceries/en-GB/products/263450571,,,,,,1.70
144,01.2 Non-Alcoholic Beverages,"01.2.2 Mineral Waters, Soft Drinks and Juices",Flavoured water,https://www.tesco.com/groceries/en-GB/products/309758402,https://www.tesco.com/groceries/en-GB/products/310178488,https://www.tesco.com/groceries/en-GB/products/277144152,https://www.tesco.com/groceries/en-GB/products/301233097,https://www.tesco.com/groceries/en-GB/products/277144273,,,,,,0.60
145,01.2 Non-Alcoholic Beverages,"01.2.2 Mineral Waters, Soft Drinks and Juices",Cola,https://www.tesco.com/groceries/en-GB/products/281926402,https://www.tesco.com/groceries/en-GB/products/271050824,https://www.tesco.com/groceries/en-GB/products/257730721,https://www.tesco.com/groceries/en-GB/products/282774907,https://www.tesco.com/groceries/en-GB/products/258056066,,,,,,2.00
146,01.2 Non-Alcoholic Beverages,"01.2.2 Mineral Waters, Soft Drinks and Juices",Mixer drinks,https://www.tesco.com/groceries/en-GB/products/272620610,https://www.tesco.com/groceries/en-GB/products/267020705,https://www.tesco.com/groceries/en-GB/products/311271675,https://www.tesco.com/groceries/en-GB/products/272639024,https://www.tesco.com/groceries/en-GB/products/310666930,,,,,,4.75
147,02.1 Alcoholic Beverages (Off Sales),02.1.1 Spirits,Whisky,https://www.tesco.com/groceries/en-GB/products/312092136,https://www.tesco.com/groceries/en-GB/products/250835977,https://www.tesco.com/groceries/en-GB/products/308842199,https://www.tesco.com/groceries/en-GB/products/310118710,https://www.tesco.com/groceries/en-GB/products/285694951,,,,,,42.00
148,02.1 Alcoholic Beverages (Off Sales),02.1.1 Spirits,Brandy,https://www.tesco.com/groceries/en-GB/products/254666220,https://www.tesco.com/groceries/en-GB/products/255814948,https://www.tesco.com/groceries/en-GB/products/286114704,https://www.tesco.com/groceries/en-GB/products/286116028,https://www.tesco.com/groceries/en-GB/products/254106227,,,,,,16.00
149,02.1 Alcoholic Beverages (Off Sales),02.1.1 Spirits,Gin,https://www.tesco.com/groceries/en-GB/products/311686305,https://www.tesco.com/groceries/en-GB/products/252695240,https://www.tesco.com/groceries/en-GB/products/306821113,https://www.tesco.com/groceries/en-GB/products/260479006,https://www.tesco.com/groceries/en-GB/products/299638715,,,,,,30.00
150,02.1 Alcoholic Beverages (Off Sales),02.1.1 Spirits,Pre-mixed spirit drink,https://www.tesco.com/groceries/en-GB/products/308486137,https://www.tesco.com/groceries/en-GB/products/285751521,https://www.tesco.com/groceries/en-GB/products/264089830,https://www.tesco.com/groceries/en-GB/products/311692764,https://www.tesco.com/groceries/en-GB/products/311446014,,,,,,2.80
151,02.1 Alcoholic Beverages (Off Sales),02.1.1 Spirits,Vodka,https://www.tesco.com/groceries/en-GB/products/311949807,https://www.tesco.com/groceries/en-GB/products/311949560,https://www.tesco.com/groceries/en-GB/products/255705185,https://www.tesco.com/groceries/en-GB/products/255248898,https://www.tesco.com/groceries/en-GB/products/255248875,,,,,,15.50
152,02.1 Alcoholic Beverages (Off Sales),02.1.1 Spirits,Rum,https://www.tesco.com/groceries/en-GB/products/255249131,https://www.tesco.com/groceries/en-GB/products/256563839,https://www.tesco.com/groceries/en-GB/products/259678371,https://www.tesco.com/groceries/en-GB/products/303390959,https://www.tesco.com/groceries/en-GB/products/273925686,,,,,,23.50
153,02.1 Alcoholic Beverages (Off Sales),02.1.1 Spirits,Cream liqueur,https://www.tesco.com/groceries/en-GB/products/255249782,https://www.tesco.com/groceries/en-GB/products/265616603,https://www.tesco.com/groceries/en-GB/products/293216533,https://www.tesco.com/groceries/en-GB/products/255249776,https://www.tesco.com/groceries/en-GB/products/259557877,,,,,,26.00
154,02.1 Alcoholic Beverages (Off Sales),02.1.2 Wine,White wine,https://www.tesco.com/groceries/en-GB/products/309181133,https://www.tesco.com/groceries/en-GB/products/255547515,https://www.tesco.com/groceries/en-GB/products/304402722,https://www.tesco.com/groceries/en-GB/products/254844107,https://www.tesco.com/groceries/en-GB/products/280134776,,,,,,3.29
155,02.1 Alcoholic Beverages (Off Sales),02.1.2 Wine,Rose wine,https://www.tesco.com/groceries/en-GB/products/311250547,https://www.tesco.com/groceries/en-GB/products/255244856,https://www.tesco.com/groceries/en-GB/products/305986754,https://www.tesco.com/groceries/en-GB/products/304411671,https://www.tesco.com/groceries/en-GB/products/306802015,,,,,,9.00
156,02.1 Alcoholic Beverages (Off Sales),02.1.2 Wine,Sparkling wine,https://www.tesco.com/groceries/en-GB/products/252869300,https://www.tesco.com/groceries/en-GB/products/309492905,https://www.tesco.com/groceries/en-GB/products/309465040,https://www.tesco.com/groceries/en-GB/products/299638911,https://www.tesco.com/groceries/en-GB/products/309497508,,,,,,16.00
157,02.1 Alcoholic Beverages (Off Sales),02.1.2 Wine,Bottled flavoured cider,https://www.tesco.com/groceries/en-GB/products/307338908,https://www.tesco.com/groceries/en-GB/products/311205692,https://www.tesco.com/groceries/en-GB/products/311679199,https://www.tesco.com/groceries/en-GB/products/271367306,https://www.tesco.com/groceries/en-GB/products/305728116,,,,,,2.30
158,02.1 Alcoholic Beverages (Off Sales),02.1.2 Wine,Red wine,https://www.tesco.com/groceries/en-GB/products/259713860,https://www.tesco.com/groceries/en-GB/products/251886407,https://www.tesco.com/groceries/en-GB/products/299531340,https://www.tesco.com/groceries/en-GB/products/306662491,https://www.tesco.com/groceries/en-GB/products/304789436,,,,,,7.50
159,02.1 Alcoholic Beverages (Off Sales),02.1.2 Wine,Fortified wine,https://www.tesco.com/groceries/en-GB/products/255247012,https://www.tesco.com/groceries/en-GB/products/255247035,https://www.tesco.com/groceries/en-GB/products/255247058,https://www.tesco.com/groceries/en-GB/products/255247726,https://www.tesco.com/groceries/en-GB/products/257466043,,,,,,11.00
160,02.1 Alcoholic Beverages (Off Sales),02.1.2 Wine,Champagne,https://www.tesco.com/groceries/en-GB/products/274763190,https://www.tesco.com/groceries/en-GB/products/255245832,https://www.tesco.com/groceries/en-GB/products/255245671,https://www.tesco.com/groceries/en-GB/products/255245947,https://www.tesco.com/groceries/en-GB/products/250346980,,,,,,29.00
161,02.1 Alcoholic Beverages (Off Sales),02.1.2 Wine,Canned apple cider,https://www.tesco.com/groceries/en-GB/products/256595496,https://www.tesco.com/groceries/en-GB/products/271013490,https://www.tesco.com/groceries/en-GB/products/276688264,https://www.tesco.com/groceries/en-GB/products/303183669,https://www.tesco.com/groceries/en-GB/products/303261526,,,,,,3.10
162,02.1 Alcoholic Beverages (Off Sales),02.1.3 Beer,Canned lager,https://www.tesco.com/groceries/en-GB/products/301839544,https://www.tesco.com/groceries/en-GB/products/295220887,https://www.tesco.com/groceries/en-GB/products/300544335,https://www.tesco.com/groceries/en-GB/products/303759382,https://www.tesco.com/groceries/en-GB/products/300411533,,,,,,7.00
163,02.1 Alcoholic Beverages (Off Sales),02.1.3 Beer,Bottled lager,https://www.tesco.com/groceries/en-GB/products/299970666,https://www.tesco.com/groceries/en-GB/products/293285283,https://www.tesco.com/groceries/en-GB/products/302301516,https://www.tesco.com/groceries/en-GB/products/312227186,https://www.tesco.com/groceries/en-GB/products/280116542,,,,,,14.00
164,02.1 Alcoholic Beverages (Off Sales),02.1.3 Beer,Bottled speciality beer/ale,https://www.tesco.com/groceries/en-GB/products/260333277,https://www.tesco.com/groceries/en-GB/products/273675497,https://www.tesco.com/groceries/en-GB/products/304402273,https://www.tesco.com/groceries/en-GB/products/307148678,https://www.tesco.com/groceries/en-GB/products/251879140,,,,,,6.00
165,02.1 Alcoholic Beverages (Off Sales),02.1.3 Beer,Canned bitter,https://www.tesco.com/groceries/en-GB/products/253412701,https://www.tesco.com/groceries/en-GB/products/252446829,,,,,,,,,5.50
166,02.1 Alcoholic Beverages (Off Sales),02.1.3 Beer,Canned stout,https://www.tesco.com/groceries/en-GB/products/259903883,https://www.tesco.com/groceries/en-GB/products/306945992,https://www.tesco.com/groceries/en-GB/products/299599046,https://www.tesco.com/groceries/en-GB/products/255238599,https://www.tesco.com/groceries/en-GB/products/282391317,,,,,,11.85
167,02.2 Tobacco,02.2.1 Tobacco,Selected brand cigarettes,https://www.tesco.com/groceries/en-GB/products/305979210,https://www.tesco.com/groceries/en-GB/products/295327590,https://www.tesco.com/groceries/en-GB/products/310148985,https://www.tesco.com/groceries/en-GB/products/311940892,https://www.tesco.com/groceries/en-GB/products/310092479,,,,,,11.70
168,02.2 Tobacco,02.2.1 Tobacco,Cigars,https://www.tesco.com/groceries/en-GB/products/295627251,https://www.tesco.com/groceries/en-GB/products/294349610,https://www.tesco.com/groceries/en-GB/products/295316711,https://www.tesco.com/groceries/en-GB/products/294304427,https://www.tesco.com/groceries/en-GB/products/294350348,,,,,,5.25
169,02.2 Tobacco,02.2.1 Tobacco,Hand rolling tobacco,https://www.tesco.com/groceries/en-GB/products/309206139,https://www.tesco.com/groceries/en-GB/products/310177495,https://www.tesco.com/groceries/en-GB/products/311950845,https://www.tesco.com/groceries/en-GB/products/308486074,https://www.tesco.com/groceries/en-GB/products/309468808,,,,,,22.35
170,02.2 Tobacco,02.2.1 Tobacco,Electronic cigarette refills/liquid,https://www.tesco.com/groceries/en-GB/products/295327590,https://www.tesco.com/groceries/en-GB/products/305979210,https://www.tesco.com/groceries/en-GB/products/310148985,https://www.tesco.com/groceries/en-GB/products/310092479,https://www.tesco.com/groceries/en-GB/products/311940892,,,,,,10.25
